都道府県,店舗名
北海道,KEIZ手稲店
北海道,monako monako
北海道,SLOT BAR M's
北海道,アミューズメントパーラー吉兆
北海道,アルファ南4条店
北海道,アルファ南6条通店
北海道,アルファ旭町店
北海道,アルファ豊岡店
北海道,イーグルR-1南8条店
北海道,イーグルウイング伏古店
北海道,イーグルウェーブ厚別店
北海道,イーグルゴー北郷店
北海道,イーグルピュアシティ東札幌店
北海道,エルシティ
北海道,がちゃぽん札幌新川店
北海道,がちゃぽん苫小牧店
北海道,クラブイーグル麻生店
北海道,ゴールデンゴッド浦河店
北海道,ゴールドラッシュ南郷通店
北海道,コアシティ
北海道,ゴッサムシティ
北海道,スマイル知床
北海道,パーラーゾーン川沿店
北海道,パーラーダイエー大町店
北海道,パーラートーエー神楽店
北海道,パーラートーエー緑が丘店
北海道,パーラートーエー豊岡店
北海道,パーラーマンモス'21月寒店
北海道,パーラーマンモス'21菊水店
北海道,パーラー甲子園西町店
北海道,パーラー若草
北海道,パチンコボンボン永山店
北海道,ビクトリア室蘭店
北海道,ビクトリア滝川店
北海道,ビッグスロット北5条店
北海道,ビッグスロット苫小牧店
北海道,ビックトマト南店
北海道,ビッグトマト末広店
北海道,ビッグドン
北海道,ひまわり北見店
北海道,ひまわり室蘭店
北海道,ひまわり帯広店
北海道,ひまわり新琴似店
北海道,ひまわり日乃出店
北海道,ひまわり月寒店
北海道,ひまわり札幌駅前タワー店
北海道,ひまわり清田店
北海道,ひまわり豊平店
北海道,ひまわり音更店
北海道,プラスイーグル稚内店
北海道,プラスイーグル釧路星が浦店 周年
北海道,プレイランドハッピー三光店
北海道,プレイランドハッピー二十四軒店
北海道,プレイランドハッピー八軒店
北海道,プレイランドハッピー南6条店
北海道,プレイランドハッピー厚別店
北海道,プレイランドハッピー厚別通店
北海道,プレイランドハッピー屯田四条店
北海道,プレイランドハッピー本通店
北海道,プレイランドハッピー東苗穂店
北海道,プレイランドハッピー栄町店
北海道,プレイランドハッピー藻岩店
北海道,プレイランドハッピー西宮の沢店
北海道,プレイランドハッピー西町店
北海道,ベガスベガス函館吉川店
北海道,ベガスベガス函館昭和店
北海道,ベガスベガス函館港店
北海道,ベガスベガス大谷地店
北海道,ベガスベガス帯広北店
北海道,ベガスベガス旭川店
北海道,ベガスベガス札幌店
北海道,ベガスベガス狸小路二丁目店
北海道,ベガスベガス狸小路店
北海道,ベガスベガス発寒店
北海道,ベガスベガス美しが丘店
北海道,ベガスベガス苫小牧店
北海道,ベガスベガス釧路店
北海道,マルハン中標津店
北海道,マルハン函館大門店
北海道,マルハン函館港店
北海道,マルハン北見店
北海道,マルハン千歳店
北海道,マルハン名寄店
北海道,マルハン室蘭店
北海道,マルハン岩内店
北海道,マルハン岩見沢東店
北海道,マルハン帯広店
北海道,マルハン恵庭店
北海道,マルハン新砂川店
北海道,マルハン旭川永山店
北海道,マルハン旭川西店
北海道,マルハン木場店
北海道,マルハン柏林台店
北海道,マルハン根室店
北海道,マルハン江別店
北海道,マルハン琴似店
北海道,マルハン白石店
北海道,マルハン稚内店
北海道,マルハン端野店
北海道,マルハン紋別店
北海道,マルハン網走店
北海道,マルハン美しが丘店
北海道,マルハン苗穂店
北海道,マルハン苫小牧駅前店
北海道,マルハン釧路店
北海道,マルハン静内店
北海道,ライジング函館五稜郭
北海道,ライジング平岡
北海道,ライジング江別
青森県,FORUM-1神田店
青森県,Slot Club 夢屋石堂店
青森県,ウィル河原木店
青森県,ジャムフレンドクラブエースむつ
青森県,ジャムフレンドクラブエース三沢
青森県,ジャムフレンドクラブむつ
青森県,ジャムフレンドクラブ十和田
青森県,ジャムフレンドクラブ青森
青森県,スーパードーム中央店
青森県,スーパードーム青森東店
青森県,ひまわり五所川原店
青森県,ひまわり八戸店
青森県,マルハンむつ店
青森県,マルハン三好店
青森県,マルハン五所川原店
青森県,マルハン十和田店
青森県,マルハン弘前石渡店
青森県,マルハン青森下田店
青森県,マルハン青森柏店
青森県,ライジング観光通
青森県,ライジング青森駅前
青森県,大東パチンコ
秋田県,chaos合川店
秋田県,chaos大館店
秋田県,chaos鷹巣店
秋田県,ひまわり大曲店
秋田県,マルハン外旭川店
秋田県,マルハン大館店
秋田県,マルハン由利本荘店
秋田県,マルハン能代店
秋田県,マルハン茨島店
秋田県,マルハン追分店
秋田県,メルヘンワールド井川店
秋田県,ライジング大館
秋田県,夢屋羽後店
山形県,GORILLA南陽店
山形県,MEGA ZEST 666
山形県,アイランド米沢
山形県,アイランド長井店
山形県,パーラージェイクラブ寒河江店
山形県,パーラージェイクラブ村山店
山形県,パーラージェイクラブ河北店
山形県,パーラー国際山形北店
山形県,ベガスベガス北山形店
山形県,ベガスベガス成沢店
山形県,マルハン宮町店
山形県,マルハン寒河江店
山形県,マルハン新庄店
山形県,マルハン東根店
山形県,マルハン米沢店
山形県,マルハン酒田店
山形県,マルハン鶴岡店
山形県,メルヘンワールド鶴岡店
岩手県,21SEIKI北上
岩手県,INDY500
岩手県,INDY肴町
岩手県,INDY都南
岩手県,WINS本宮
岩手県,WINS紫波
岩手県,アポロ盛岡西
岩手県,カネマンルート45
岩手県,カネマン大船渡
岩手県,カネマン奥州
岩手県,カネマン津志田
岩手県,カネマン盛岡南
岩手県,カネマン金ヶ崎
岩手県,カネマン陸前高田
岩手県,ジャムフレンドクラブエース久慈
岩手県,ジャムフレンドクラブ久慈
岩手県,ジャムフレンド盛岡
岩手県,セントラル大船渡店
岩手県,セントラル釜石店
岩手県,パチンコCAT's北上店
岩手県,ビックガマアポロ
岩手県,ひまわり北上店
岩手県,マルハン北上店
岩手県,マルハン水沢店
岩手県,マルハン盛岡みたけ店
岩手県,ユニオン ザ・プライム8盛岡南
岩手県,ユニオン ザ・プライム上堂
岩手県,ユニオン ザ・プライム二戸
岩手県,ユニオン北上
岩手県,リジョイス
岩手県,遊スポットボンボン
宮城県,21SEIKI石巻中里
宮城県,ARISE DAIAN 築館店
宮城県,ARISE DAIAN 荒巻店
宮城県,chaos佐沼店
宮城県,chaos古川店
宮城県,Dステーション仙台泉店
宮城県,JOYPARK湊店
宮城県,JOYPARK石巻店
宮城県,JOYPARK赤井店
宮城県,P-STATION&IIスロット館
宮城県,SS ZAP多賀城店
宮城県,ウイングあすと長町店
宮城県,ウイング利府店
宮城県,ウイング石巻店
宮城県,オータ古川店
宮城県,スーパーメルヘンワールド幸町店
宮城県,スロットLEO
宮城県,スロットインパラディソ名取
宮城県,つばめザ・ウィング
宮城県,つばめザ・ムーブ
宮城県,ハードロック仙台一番町店
宮城県,パーラーJ-遊佐沼みなみ店
宮城県,パチンコタイガー松森店
宮城県,パチンコタイガー苦竹店2
宮城県,パチンコまるたま名取店
宮城県,パチンコまるたま山田店
宮城県,パチンコまるたま泉中央店
宮城県,パラディソ二日町店
宮城県,パラディソ仙台東インター店
宮城県,パラディソ古川ドルフィン館
宮城県,パラディソ名取りんくう店
宮城県,パラディソ大和ドルフィン館
宮城県,パラディソ大和店
宮城県,パラディソ小鶴新田店
宮城県,パラディソ柴田店
宮城県,パラディソ沖野店
宮城県,パラディソ泉店
宮城県,パラディソ涌谷店
宮城県,パラディソ石巻元倉店
宮城県,ひまわり多賀城店
宮城県,ひまわり岩沼店
宮城県,ベガスベガス仙台南店
宮城県,ベガスベガス加美店
宮城県,ベガスベガス北仙台店
宮城県,ベガスベガス名掛丁店
宮城県,ベガスベガス大和町店
宮城県,ベガスワンダープラザ店
宮城県,マルハン仙台卸町店
宮城県,マルハン仙台新港店
宮城県,マルハン仙台泉店
宮城県,マルハン仙台駅東店
宮城県,マルハン古川店
宮城県,マルハン名取店
宮城県,マルハン石巻店
宮城県,メルヘンワールド亘理店
宮城県,メルヘンワールド涌谷店
宮城県,メルヘンワールド石巻店
宮城県,メルヘンワールド長町南店
宮城県,ユニオン ザ・プライム太子堂
宮城県,ライオン田中前店
福島県,16MGMいわき泉店
福島県,ZENT小名浜店
福島県,セントラルMEGASTAGE1000
福島県,つばめザ・ビート
福島県,つばめザ・ビーム
福島県,ニュージャンボ
福島県,パチンコ三ツ星笹谷店
福島県,パチンコ三ツ星野田町店・三ッ星野田町2号店
福島県,ビックつばめ会津若松店
福島県,マックスアリーナ
福島県,マルハンいわき店
福島県,マルハン伊達店
福島県,マルハン会津若松一箕店
福島県,マルハン会津若松店
福島県,マルハン矢吹店
福島県,マルハン福島店
福島県,マルハン郡山店
東京都,マルハン青梅新町店
東京都,123+N東雲店
東京都,123笹塚店
東京都,AQUA H2O
東京都,ARROW池上店
東京都,BBステーション日暮里店
東京都,BIG PANDORA浅草店 本館
東京都,DAS小山
東京都,DELFEEL NEW TOKYO
東京都,G-ONE吉祥寺
東京都,MGM国領店
東京都,P-PORT PREGO永山
東京都,PIA上野
東京都,PIA五反野
東京都,PIA八王子
東京都,PIA大森
東京都,PIA池袋
東京都,PIA町田新館
東京都,PIA雑色新館
東京都,SANCO梅島店
東京都,TOHO池袋店
東京都,TOYO HALL
東京都,アイランド秋葉原店
東京都,アクセル亀有支店
東京都,アサヒ幡ヶ谷2号店
東京都,アット小平
東京都,アバンザ十条
東京都,アミージャ・アミーゴ昭島店
東京都,アミューズメントパーク ジュラク2
東京都,ウインベル・イースト・スロット
東京都,ウエスタン一之江店
東京都,ウエスタン環七南葛西店
東京都,ウエスタン葛西店
東京都,ウエスタン西葛西店
東京都,エクスアリーナ東京
東京都,エスパス1300新小岩北口駅前店
東京都,エスパス日拓上野新館
東京都,エスパス日拓上野本館
東京都,エスパス日拓新大久保駅前店
東京都,エスパス日拓新宿歌舞伎町店
東京都,エスパス日拓渋谷本館
東京都,エスパス日拓渋谷駅前新館
東京都,エスパス日拓秋葉原駅前店
東京都,エスパス日拓西武新宿駅前店
東京都,エスパス日拓赤坂見附駅前新館
東京都,エスパス日拓高田馬場本店
東京都,エムディー目黒
東京都,エンジェルV
東京都,エンジェル本店
東京都,オークラ新中野店
東京都,オーパス・ワン立石店
東京都,オーパ荻窪
東京都,オアシス飯田橋店
東京都,オリエンタルパサージュ自由が丘
東京都,オリエンタルパサージュ荻窪426
東京都,オリエントヴィーナスホール
東京都,オリエント秋川店
東京都,カレイド下北沢店
東京都,カレイド新宿店
東京都,キクヤ昭島店
東京都,キコーナ平井店
東京都,キコーナ府中店
東京都,キコーナ新宿三丁目店
東京都,キコーナ蒲田店
東京都,キューデンアネックス日暮里店
東京都,キューデンアネックス西新井
東京都,キューデン東口店
東京都,キングNo.1世田谷店
東京都,クラウンときわ台
東京都,グランド ラ・カータ1111瑞穂店
東京都,グランドシップ
東京都,グランドホール西高島平店
東京都,グランパ中野
東京都,グランパ大久保
東京都,クリエ府中店
東京都,コーシン神田店
東京都,ゴードン永山2
東京都,ゴードン祖師谷店
東京都,コスモ光が丘店
東京都,コンサートホール北千住
東京都,コンサートホール志村
東京都,コンサートホール成増2
東京都,コンサートホール荒川
東京都,コンサートホール調布
東京都,ザ シティ/ベルシティ雑色店
東京都,ザ・チャンス花小金井店
東京都,サンパレス環七大杉店
東京都,ジアス南大沢
東京都,ジャパンニューアルファ池袋店
東京都,ジャラン五反田店
東京都,ジャラン浅草店
東京都,ジャラン谷在家店
東京都,ジャンジャンマールゴット分倍河原駅前店
東京都,ジャンジャンマールゴット南阿佐ヶ谷
東京都,ジャンジャンマールゴット日野駅前店
東京都,ジャンジャンマールゴット調布国領駅前
東京都,ジャンジャン高島平駅前店
東京都,ジュラク王子店
東京都,スロットエランドール田無店
東京都,チャレンジャー7
東京都,チャレンジャー光が丘
東京都,チャレンジャー福生
東京都,チャレンジャー野津田店
東京都,つつじヶ丘ワールド
東京都,デラックスセブン
東京都,デルパラ10南大沢店
東京都,デルパラ7堀之内
東京都,テンガイ･三鷹店
東京都,ドキわくランド中河原駅前店
東京都,ドキわくランド聖蹟桜ヶ丘店
東京都,ニュークラウン綾瀬店
東京都,ニューグランド貫井店
東京都,ニューコスミック八王子店
東京都,ニュースター一ツ家店
東京都,ニュー太平
東京都,パーラーアサヒ森下店
東京都,パーラースーパーセブン新中野店
東京都,パーラースーパーセブン新高円寺店
東京都,パーラーダイコクSUN店
東京都,パーラープラザ515
東京都,パーラーマイニチ東村山店スロット館
東京都,パーラーミツボシ祖師谷店
東京都,パールショップともえ町田609
東京都,パラッツォ千川店
東京都,パラッツォ志村店
東京都,パラッツォ秋津店
東京都,パラッツォ葛西店
東京都,ピーアーク三田
東京都,ピーアーク北千住
東京都,ピーアーク北千住SSS
東京都,ピーアーク北綾瀬ピーくんガーデン
東京都,ビッグアップル．秋葉原店
東京都,ビックディッパー大井町店
東京都,ビックディッパー門前仲町店
東京都,ひょうたん島
東京都,ヒロキ3号店
東京都,ヒロキ東口店
東京都,ヒロキ蒲田西口店
東京都,プラザ西台
東京都,フルハウス中延店
東京都,フルハウス戸越公園店
東京都,フルハウス戸越銀座店
東京都,フルハウス東中野店
東京都,プレゴEX池袋南口店
東京都,プレゴひばりが丘店
東京都,プレゴ自由が丘店
東京都,ベガスベガス国分寺恋ヶ窪店
東京都,ベガスベガス新宿東南口店
東京都,ベガス京急蒲田店
東京都,ベラジオ東十条店
東京都,ベルシティ/ザシティ篠崎店
東京都,マイニチWOW'ON
東京都,マリオン新小岩店
東京都,マルハン亀有店
東京都,マルハン八王子四谷店
東京都,マルハン大山店
東京都,マルハン小岩店
東京都,マルハン新宿東宝ビル店
東京都,マルハン日野店
東京都,マルハン昭島店
東京都,マルハン東大和店
東京都,マルハン池袋店
東京都,マルハン蒲田駅東店
東京都,マルハン鹿浜店
東京都,マルホン
東京都,ミカド五反野店
東京都,ミカド田無店
東京都,みとや水道橋店
東京都,ミリオン平和台16号店
東京都,ミリオン東武練馬13号店
東京都,ミリオン石神井公園店スロット館
東京都,ミリオン高円寺22号店
東京都,メッセ三鷹店
東京都,メッセ南千住店
東京都,メッセ吉祥寺店
東京都,メッセ奥戸店
東京都,メッセ扇店
東京都,メッセ武蔵境店
東京都,メッセ竹の塚店
東京都,メッセ笹塚店
東京都,メッセ荻窪店
東京都,メッセ西荻窪店
東京都,メッセ西葛西店
東京都,メッセ高円寺店
東京都,ライオン清瀬店
東京都,ライブガーデン篠崎店
東京都,レイトギャップ平和島
東京都,ロックファイブ
東京都,三ノ輪UNO
東京都,三徳ホール
東京都,京浜ホール
東京都,仙川UNO
東京都,出玉王田無店
東京都,四谷タイガー
東京都,国際センター中村橋店
東京都,国際センター中野店
東京都,国際センター高田馬場店
東京都,大井ニュー東京東口店
東京都,大山オーシャン
東京都,戸越ミナト
東京都,新世界
東京都,新橋UNO
東京都,有楽町DUO
東京都,有楽町UNO
東京都,楽園アメ横店
東京都,楽園大山店
東京都,楽園池袋店
東京都,楽園渋谷道玄坂店
東京都,楽園渋谷駅前店
東京都,楽園町田店
東京都,楽園立川店
東京都,楽園蒲田店
東京都,清瀬UNO
東京都,神田ジャンボ
東京都,秋葉原UNO
東京都,練馬オーシャン
東京都,遊劇場III
東京都,金時京急蒲田店
東京都,金時大森東口店
東京都,金時蒲田東口店
東京都,阿佐ヶ谷オーシャン
東京都,飯田橋プレサス
神奈川県,123横浜西口店
神奈川県,A-MAX今井IC店
神奈川県,ARROW平塚店
神奈川県,BEES鶴ケ峰店
神奈川県,BIG PANDORA井土ヶ谷店 新館
神奈川県,BRAJAN戸塚店
神奈川県,MONOS川崎
神奈川県,MONOS茅ヶ崎
神奈川県,NOAH上永谷店
神奈川県,PIA京急川崎
神奈川県,PIA伊勢佐木町
神奈川県,PIA厚木本館
神奈川県,PIA川崎ダイス
神奈川県,PIA川崎銀柳
神奈川県,PIA横浜モアーズ
神奈川県,PIA綱島
神奈川県,RED STADIUM上溝店
神奈川県,SKIPスロットクラブ小田原錦通り店
神奈川県,SKIPスロットクラブ新横浜店
神奈川県,SKIPスロットクラブ関内店
神奈川県,SKIP横浜橋店
神奈川県,SKIP綾瀬店
神奈川県,SLOT ACT
神奈川県,SUNSUNアークス本牧店
神奈川県,ZAP PRESTIGE
神奈川県,アクセスIII
神奈川県,アクセス川崎店
神奈川県,アサヒ2鹿島田店
神奈川県,アビバアネックス・スクエア店
神奈川県,アビバ三春町店
神奈川県,アビバ三浦海岸店
神奈川県,アビバ上大岡店
神奈川県,アビバ南足柄店
神奈川県,アビバ新杉田
神奈川県,アビバ横須賀中央店
神奈川県,アビバ海老名店
神奈川県,アビバ淵野辺店
神奈川県,アビバ湘南台店
神奈川県,アビバ綱島南店
神奈川県,アビバ綱島樽町店
神奈川県,アビバ逗子駅前店
神奈川県,アビバ関内
神奈川県,アビバ鶴見店
神奈川県,アフェスタ三春町店
神奈川県,エスパス日拓溝の口駅前新館
神奈川県,エスパス日拓溝の口駅前本店
神奈川県,エランドール泉店
神奈川県,オークラ武蔵中原店
神奈川県,キコーナ伊勢佐木店
神奈川県,キコーナ小田原扇町店
神奈川県,キコーナ戸塚店
神奈川県,キコーナ東海大前店
神奈川県,キコーナ海老名店
神奈川県,キコーナ茅ヶ崎店
神奈川県,クラブニューヨーク反町
神奈川県,グランキコーナ相模原店
神奈川県,グランドアクア
神奈川県,グランドオータ厚木店
神奈川県,グランドオータ瀬谷店
神奈川県,グランドホール小田原店
神奈川県,グランドホール港南店
神奈川県,グランドホール金目店
神奈川県,グランドホール長後店
神奈川県,クリエ十日市場店
神奈川県,クリエ湘南台店
神奈川県,ザシティ・ベルシティ新杉田店
神奈川県,ザシティ/ベルシティ元住吉店
神奈川県,ザシティ/ベルシティ川崎店
神奈川県,ザシティ/ベルシティ相模大野店
神奈川県,サントロペ伊勢佐木町
神奈川県,サンパチンコ
神奈川県,サンラッキー中央林間店
神奈川県,シーザースパレス
神奈川県,シーサイドプラザ
神奈川県,ジアスセンター南
神奈川県,ジアス上大岡
神奈川県,ジアス大船
神奈川県,ジアス新百合ヶ丘
神奈川県,ジアス港南台
神奈川県,ジャパンニューアルファテームズ
神奈川県,ジャパンニューアルファ倉見店
神奈川県,ジャパンニューアルファ相模原南店
神奈川県,ジャラン平塚店
神奈川県,ジョイフル吉兆横浜西寺尾店
神奈川県,スーパーハリウッド伊勢佐木
神奈川県,スクランブル田谷店
神奈川県,スタジアム二俣川店
神奈川県,スロットサントロペ横須賀中央
神奈川県,セブンS川崎店
神奈川県,セブンスター
神奈川県,センター北サンコー
神奈川県,タイガー7綱島店
神奈川県,チャンピオン田名店
神奈川県,ドキわくランド北山田店
神奈川県,ドキわくランド大和駅前店
神奈川県,ドキわくランド愛川店
神奈川県,ドキわくランド橋本店
神奈川県,ドキわくランド長後駅前店
神奈川県,トワーズ大和店
神奈川県,トワーズ藤沢店
神奈川県,パールショップともえセンター南店
神奈川県,ハトヤ
神奈川県,パラッツォ湘南台店
神奈川県,パラッツォ秦野渋沢店
神奈川県,パラッツォ藤沢南店
神奈川県,パラッツォ鶴ヶ峰スロット館
神奈川県,パラッツォ鶴ヶ峰店
神奈川県,ピーアーク新城マックスパチンコ
神奈川県,ピーアーク相模原
神奈川県,ピーアーク相模大野
神奈川県,ピーズ・タウン桜ヶ丘
神奈川県,ビッグアップル.大船店
神奈川県,フジ伊勢原店
神奈川県,フジ相模原店
神奈川県,プレゴ湯河原店
神奈川県,プレスト三ツ境店
神奈川県,プレスト平間店II
神奈川県,プレスト弥生台店
神奈川県,マルコ
神奈川県,マルハン厚木北店
神奈川県,マルハン厚木店
神奈川県,マルハン小田原店
神奈川県,マルハン川崎桜本店
神奈川県,マルハン平塚店
神奈川県,マルハン平沢店
神奈川県,マルハン横浜町田店
神奈川県,マルハン橋本台店
神奈川県,マルハン相模原店
神奈川県,マルハン秦野元町店
神奈川県,マルハン綾瀬上土棚店
神奈川県,マルハン都筑店
神奈川県,マルハン鶴見店
神奈川県,リッチランド
神奈川県,中山UNO
神奈川県,中山ZoRoN
神奈川県,南武線尻手駅前店
神奈川県,吉兆川崎野川店
神奈川県,吉兆横浜西寺尾店
神奈川県,吉兆横浜鶴見店
神奈川県,大和マリーン
神奈川県,宝島
神奈川県,小田原コロナ
神奈川県,平楽湘南ライフタウン店
神奈川県,楽園上永谷店
神奈川県,楽園川崎店
神奈川県,楽園港北インター店
神奈川県,横須賀・馬堀マリーン
神奈川県,相模大野UNO
神奈川県,金時鶴見店
神奈川県,鶴見UNO
埼玉県,アリーナ平塚店
埼玉県,スーパーDステーション鴻巣店
埼玉県,DAS蕨店
埼玉県,Dステーション坂戸店
埼玉県,Dステーション杉戸店
埼玉県,Dステーション花園店
埼玉県,HAP-1-NHWARABI
埼玉県,No.1エメラルド
埼玉県,PIA川口
埼玉県,SAPみずほ台
埼玉県,SAP草加
埼玉県,SAP蒲生店
埼玉県,TOHO川越店
埼玉県,アスカ杉戸店
埼玉県,アスカ熊谷店
埼玉県,アスカ熊谷駅前店
埼玉県,アスカ狭山店
埼玉県,アスカ蕨駅前店
埼玉県,アリーナ岩槻本店
埼玉県,アリーナ鶴瀬店
埼玉県,ウイングキャッスル
埼玉県,ウイング蕨
埼玉県,オータ川島店
埼玉県,オータ志木駅前店
埼玉県,オータ桶川駅前店
埼玉県,オータ狭山スロット館
埼玉県,オータ若葉駅前店
埼玉県,オリエンタルパサージュ西川口456
埼玉県,キコーナ草加店
埼玉県,グランドオータ新座駅前店
埼玉県,グランドオータ熊谷本店
埼玉県,ゴープラ小手指店
埼玉県,ゴープラ川越店
埼玉県,コンサートホール上尾
埼玉県,コンサートホール北浦和
埼玉県,ジャムフレンドクラブ日高
埼玉県,ジャムフレンドクラブ朝霞店
埼玉県,ジャラン川口弥平店
埼玉県,ジャンジャンデルノザウルス久喜IC店
埼玉県,スーパーDステーション入間店
埼玉県,スーパーDステーション熊谷店
埼玉県,スーパーライブガーデン行田店
埼玉県,スカイプラザ大井店
埼玉県,スカイプラザ富士見店
埼玉県,せんげん台DUO
埼玉県,チンジャラ会館
埼玉県,ティアラ蓮田店
埼玉県,ディスカバリー
埼玉県,デルパラ吉川店
埼玉県,デルパラ川口店
埼玉県,トワーズ入間店
埼玉県,ナビ上尾店
埼玉県,ニュークラウン川越2号店
埼玉県,ニューダイエイIII
埼玉県,ニューヨークP-1
埼玉県,ニューヨーク浦和店
埼玉県,ノア東松山店
埼玉県,パーラーEX滑川店
埼玉県,パーラー日進ミリー
埼玉県,パールショップともえ川越店
埼玉県,パチンコどんじゃら
埼玉県,パチンコプラザラ・カータ上里店
埼玉県,パチンコプラザラ・カータ坂戸店
埼玉県,パチンコプラザラ・カータ大宮駅前店
埼玉県,パチンコプラザラ・カータ浦和店
埼玉県,パチンコプラザラカータ大宮本店
埼玉県,パラッツォ三郷中央店
埼玉県,パラッツォ川越店
埼玉県,パラッツォ蕨店
埼玉県,パラッツォ赤坂店
埼玉県,パラッツォ鳩ヶ谷店
埼玉県,ピーアークせんげん台
埼玉県,ピーアーク新田
埼玉県,ピーアーク春日部
埼玉県,ピーアーク朝霞
埼玉県,ピーアーク松原
埼玉県,ピーアーク草加
埼玉県,ピーアーク谷塚
埼玉県,ピーアーク越谷
埼玉県,プレゴ所沢店
埼玉県,ベルシティザシティ南浦和店
埼玉県,ベルシティザシティ川越店
埼玉県,ベルシティザシティ東松山店
埼玉県,マイスポーツ館
埼玉県,マルキ戸田店
埼玉県,マルハン上里店
埼玉県,マルハン入間店
埼玉県,マルハン川口店
埼玉県,マルハン川越店
埼玉県,マルハン所沢店
埼玉県,マルハン深谷店
埼玉県,マルハン清河寺店
埼玉県,マルハン鷲宮店
埼玉県,みずほ台UNO店
埼玉県,ミュー川口芝店
埼玉県,ミリオン1100朝霞店
埼玉県,ミリオン和光10号店
埼玉県,メガボックス東松山店
埼玉県,メビウス西川口店
埼玉県,ラ・カータ狭山本店
埼玉県,ラ・カータ鶴ヶ島777
埼玉県,ライブガーデン上尾スロット館
埼玉県,ライブガーデン幸手権現堂
埼玉県,りちスロ(りっちらんどスロット館)
埼玉県,上尾UNO
埼玉県,上福岡UNO
埼玉県,北上尾UNO店
埼玉県,北越谷UNO店
埼玉県,朝霞ウノ
埼玉県,楽園南越谷店
埼玉県,楽園大宮店
埼玉県,武里スポーツ館
埼玉県,第一プラザみずほ台店
埼玉県,第一プラザ八潮店
埼玉県,第一プラザ坂戸1000
埼玉県,第一プラザ坂戸にっさい店
埼玉県,第一プラザ武州長瀬店
埼玉県,第一プラザ狭山店
埼玉県,第一プラザ笠幡店
埼玉県,第一プラザ西浦和店
埼玉県,第一プラザ霞ヶ関店
埼玉県,虹のある街北本店
埼玉県,虹のある街川口店
千葉県,GLOBE
千葉県,KIZUNA8
千葉県,MGM行徳店
千葉県,PIA柏 スロット館
千葉県,PIA津田沼
千葉県,SAP野田
千葉県,SKIP館山店
千葉県,TOHO幕張店
千葉県,VEGA千葉南店
千葉県,ZAP蘇我店
千葉県,アップル茂原店
千葉県,アミューズ千葉店
千葉県,アムディ野田
千葉県,ヴィーナス市原
千葉県,ウイング市川駅南店
千葉県,ウエスタン佐倉店
千葉県,ウエスタン浦安やなぎ通り店
千葉県,ウエスタン浦安駅前店
千葉県,ウエスタン行徳店
千葉県,エクスアリーナ松戸
千葉県,エクスアリーナ柏
千葉県,エスパス日拓稲毛駅前新館
千葉県,キクヤ千葉店
千葉県,キコーナ松戸店
千葉県,キングイーグルズ馬橋店
千葉県,ゴールド北松戸店
千葉県,コンサートホール勝田台
千葉県,ザ・ガーデン
千葉県,サンシャインMAX
千葉県,サンシャインコスモ
千葉県,サンパレス本八幡
千葉県,サンラッキー市川店
千葉県,ジャンジャンデルノザウルス千葉北インター店
千葉県,スマイルマックス木更津
千葉県,ときわホール
千葉県,パールショップともえ佐原山之辺店
千葉県,パールショップともえ佐原店
千葉県,パールショップともえ八街HIZIKAI
千葉県,パールショップともえ八街店
千葉県,パールショップともえ富里802
千葉県,パールショップともえ小見川店
千葉県,パールショップともえ市原店
千葉県,パールショップともえ旭店
千葉県,パールショップともえ松戸店
千葉県,パールショップともえ稲毛長沼店
千葉県,パールショップともえ銚子今宮店
千葉県,パラッツォ志津店
千葉県,パラッツォ新検見川店
千葉県,パラッツォ船橋店
千葉県,パラッツォ馬橋中根長津店
千葉県,パラッツォ馬橋駅前店
千葉県,ハリウッド七光台
千葉県,ハリウッド野田
千葉県,ピーアークおゆみ野
千葉県,ピーアークピーくんステーション
千葉県,ピーアーク南行徳NEO
千葉県,ビックマーチ東習志野店
千葉県,プレゴ成田店
千葉県,マルキ松戸店
千葉県,マルハン八千代東店
千葉県,マルハン八千代緑が丘店
千葉県,マルハン千葉ニュータウン店
千葉県,マルハン千葉みなと店
千葉県,マルハン千葉北店
千葉県,マルハン市原店
千葉県,マルハン松飛台店
千葉県,マルハン習志野店
千葉県,マルハン茂原店
千葉県,ミリオン幕張店
千葉県,ミリオン習志野店
千葉県,メトロ潮見通り店
千葉県,八柱UNO
千葉県,南柏UNO
千葉県,夢屋浦安店
千葉県,本八幡UNO
千葉県,本八幡ZoRoN
千葉県,楽園松戸店
千葉県,楽園柏店
千葉県,稲毛海岸UNO
千葉県,第一プラザ船橋店
茨城県,BLAZE
茨城県,DステーションWAKO鹿島店
茨城県,Dステーション神栖店
茨城県,Glace(グラッセ)
茨城県,GRAND SEPIA
茨城県,Grande Otto
茨城県,MAYBACH
茨城県,MGM下妻店
茨城県,MGM境店
茨城県,MGM守谷ふれあい通り店
茨城県,MGM東海店
茨城県,MGM水戸店
茨城県,MGM神立店
茨城県,PXつくば桜店
茨城県,PX牛久店
茨城県,ZENTひたちなか店
茨城県,ZENT女化店
茨城県,ZENT竜ヶ崎店
茨城県,アイランド筑西店
茨城県,アムズツインパーク
茨城県,オークラ
茨城県,キコーナひたちなか店
茨城県,キコーナ水戸駅南店
茨城県,グランドレイト
茨城県,ジャンジャンデルノザウルス取手店
茨城県,ジュピター707土浦店
茨城県,スロットPX女化店
茨城県,スロットヒルズ
茨城県,ダイエー日立店
茨城県,デルジャン小美玉店
茨城県,デルジャン石岡店
茨城県,ニューオークラ
茨城県,パーラーファンタジー渡里店
茨城県,パールショップともえ7G・E・T鹿嶋店
茨城県,パールショップともえ石岡店
茨城県,パチンコ東大
茨城県,ビックマーチ・スロットクラブ渡里店
茨城県,ビックマーチスロットクラブ八千代
茨城県,ビックマーチスロットクラブ日立店
茨城県,ビックマーチつくば学園の森店
茨城県,ビックマーチつくば本店
茨城県,ビックマーチひたちなか店
茨城県,ビックマーチ勝田店
茨城県,ビックマーチ日立店
茨城県,ビックマーチ水戸本店
茨城県,ビックマーチ河和田南店
茨城県,ビックマーチ河和田東店
茨城県,ビックマーチ藤代店
茨城県,マックス坂東
茨城県,マルハンつくば店
茨城県,マルハン古河北店
茨城県,マルハン古河店
茨城県,マルハン土浦店
茨城県,マルハン水戸けやき台店
茨城県,マルハン石岡店
茨城県,マルハン筑西店
茨城県,マルハン赤塚店
茨城県,メッセ江戸崎店
茨城県,レイトスロットステージ土浦
茨城県,レイトスロットステージ筑西
茨城県,レイトつくば
茨城県,レイト守谷
茨城県,レイト平塚
茨城県,レイト水戸南
茨城県,レイト水海道
茨城県,レイト神栖
茨城県,レイト荒川沖
茨城県,レイト鹿嶋
茨城県,東大笠間店
茨城県,百万弗江戸崎店
栃木県,BBステーション佐野田沼インター店
栃木県,BIGBOSS1000
栃木県,DELGRAND上横田
栃木県,DELGRAND下栗
栃木県,Exciting Slot Club DeruDeru
栃木県,KING BOSS 1000
栃木県,MGM小山本郷店
栃木県,PSブランド佐野店
栃木県,SuperBOSS
栃木県,TenderBOSS
栃木県,WonderBOSS
栃木県,ZENTインターパーク店
栃木県,ZENT御幸店
栃木県,ZENT海道店
栃木県,ZENT石橋店
栃木県,アイマックス
栃木県,アイランド佐野店
栃木県,アイランド日光店
栃木県,アイランド足利店
栃木県,イクサム上三川店
栃木県,コンサートホール五代店
栃木県,コンサートホール今泉店
栃木県,ジャンジャンデルノザウルス今市店
栃木県,スーパーライブガーデン小山喜沢店
栃木県,つばめザ・ブーム
栃木県,ニュー丸の内緑町店
栃木県,パチンコプラザラ・カータ足利店
栃木県,ビックマーチ佐野店
栃木県,ビックマーチ宇都宮店
栃木県,ビックマーチ真岡店
栃木県,ビックマーチ石橋店
栃木県,ビックマーチ西川田店
栃木県,ベガスベガス栃木店
栃木県,マックス・ヤナセ
栃木県,マルハン小山千駄塚店
栃木県,マルハン氏家店
栃木県,マルハン那須塩原店
栃木県,マルハン鹿沼店
栃木県,マルハン黒磯店
栃木県,メルヘンワールド足利店
栃木県,ライブガーデン佐野スロット店
栃木県,ライブガーデン小山粟宮スタンダード
栃木県,ライブガーデン栃木本店
栃木県,ライブガーデン野木
栃木県,ライブガーデン鹿沼グランドシティ
栃木県,夢屋黒磯店
栃木県,有楽会館砥上店
栃木県,麗都宇都宮テクノ店
群馬県,Dステーション中之条店
群馬県,Dステーション伊勢崎店
群馬県,Dステーション前橋若宮店
群馬県,Dステーション太田矢島店
群馬県,Dステーション安中店
群馬県,Dステーション富岡店
群馬県,Dステーション沼田総本店
群馬県,Dステーション渋川インター店
群馬県,Dステーション館林店
群馬県,JP-7館林店
群馬県,ZENT太田店
群馬県,ZENT太田飯田町店
群馬県,あすか倶楽部ナビ
群馬県,アスカ太田店
群馬県,ジャンジャンプラス
群馬県,スーパーDステーションガーデン前橋店
群馬県,スーパーDステーション倉賀野店
群馬県,スーパーDステーション前橋大利根店
群馬県,スーパーDステーション大間々店
群馬県,スーパーDステーション太田店
群馬県,スーパーDステーション金古店
群馬県,チャオ沼田店
群馬県,トワーズ前橋高井店
群馬県,トワーズ安中店
群馬県,ビックつばめ高崎店
群馬県,ビックマーチ八斗島店
群馬県,ビックマーチ桐生店
群馬県,ビックマーチ高崎おおやぎ店
群馬県,マルハン伊勢崎店
群馬県,マルハン倉賀野店
群馬県,マルハン八斗島店
群馬県,マルハン前橋インター店
群馬県,マルハン前橋天川大島店
群馬県,マルハン前橋西片貝店
群馬県,マルハン大間々店
群馬県,マルハン太田新道町店
群馬県,マルハン館林店
群馬県,メルヘンワールド富岡店
群馬県,ライオンズ
愛知県,100℃大曽根店
愛知県,100℃守山店
愛知県,ABC豊川店
愛知県,APAN21勝川店
愛知県,APAN21碧南店
愛知県,APANCLUBハイ-ブリっヂ
愛知県,APANCLUB山ノ手店
愛知県,Aパンクラブ弘法通り店
愛知県,Aパンぐりーんおあしす
愛知県,Cochi・Pachi
愛知県,DEL弥富店
愛知県,G-SITE GIGA1000ミナト木場インター店
愛知県,G&L一宮店
愛知県,G7
愛知県,GOGO千代田
愛知県,GOLD玉越トヨタ店
愛知県,GOLD玉越フジオカ店
愛知県,GOLD玉越中川店
愛知県,GOLD玉越春日井インター店
愛知県,GOLD玉越本店
愛知県,GOLD玉越東郷店
愛知県,GOLD玉越桶狭間店
愛知県,GOLD玉越浄水店
愛知県,INDY刈谷店
愛知県,KEIZギャラリエアピタ知立店
愛知県,KEIZ中川運河店
愛知県,KEIZ大高店
愛知県,KEIZ尾張旭店
愛知県,KEIZ江南店
愛知県,KEIZ港店
愛知県,KOHAKU堀田店
愛知県,KOHAKU天白店
愛知県,KOHAKU春日井店
愛知県,KOYO江南店
愛知県,KYORAKU西店
愛知県,KYORAKU豊明店
愛知県,MARUMANぱとす本店
愛知県,PAO共和店
愛知県,SLOT Zing 大島店
愛知県,SR21中川店
愛知県,VEGASTOWN豊橋店
愛知県,VEGAS岡崎駅前店
愛知県,yout小牧店
愛知県,ZENT上地店
愛知県,ZENT下市場店
愛知県,ZENT住吉店
愛知県,ZENT刈谷店
愛知県,ZENT原店
愛知県,ZENT名古屋北店
愛知県,ZENT和合ヶ丘店
愛知県,ZENT大清水店
愛知県,ZENT小坂店
愛知県,ZENT岡崎インター店
愛知県,ZENT扶桑店
愛知県,ZENT木曽川店
愛知県,ZENT猪高店
愛知県,ZENT稲沢店
愛知県,ZENT若林店
愛知県,ZENT豊橋藤沢店
愛知県,ZENT豊田本店
愛知県,ZENT長久手店
愛知県,Zing大樹寺店
愛知県,イーグルNO.1
愛知県,イクサム岡崎西店
愛知県,イクサム甚目寺店
愛知県,ウイングレット
愛知県,オーギヤDO
愛知県,オーギヤGO
愛知県,オーギヤWO
愛知県,オーギヤXO
愛知県,オーギヤグランプリ
愛知県,オーギヤスロット大清水店
愛知県,オーギヤチャンピオン
愛知県,オーギヤ二川店
愛知県,オーギヤ半田店
愛知県,オーギヤ安城店
愛知県,オーギヤ江南店
愛知県,オーギヤ西尾店
愛知県,オーギヤ豊川蔵子店
愛知県,オーギヤ豊橋駅前店
愛知県,オータ田原店
愛知県,オータ西店
愛知県,オータ豊川店
愛知県,オータ豊橋店
愛知県,がちゃぽん南店
愛知県,がちゃぽん蟹江店
愛知県,キクヤ春日井店
愛知県,キャッスル大金店
愛知県,キャッスル岩倉店
愛知県,キング666一宮店
愛知県,キング666半田店
愛知県,キング666東海店
愛知県,キング会館名東店
愛知県,グランドオータ888鳴海店
愛知県,ゴー港店
愛知県,コスモジャパン三谷店
愛知県,コスモジャパン今池店
愛知県,コスモジャパン北店
愛知県,コスモジャパン大府店
愛知県,コスモジャパン東店
愛知県,コスモジャパン蒲郡店
愛知県,コスモジャパン西尾店
愛知県,コロナ春日井店
愛知県,コンコルド800一宮尾西インター店
愛知県,コンコルド880愛西日比野駅前店
愛知県,コンコルド知多店
愛知県,サンシャインKYORAKU南
愛知県,サンシャインKYORAKU平針
愛知県,サンシャインKYORAKU栄
愛知県,サンシャインKYORAKU植田
愛知県,サンシャインKYORAKU蟹江
愛知県,サンパレス西尾
愛知県,ジール当知店
愛知県,ジェーピー888
愛知県,スロットクラブ夢屋 豊橋佐藤店
愛知県,ダイエー守山店
愛知県,タイキ稲沢駅前店
愛知県,タイキ豊川住吉店
愛知県,タイキ豊橋仲ノ店
愛知県,タイキ豊橋藤沢店
愛知県,タイホウ三好店
愛知県,タイホウ中川中野橋東店
愛知県,タイホウ亀島店
愛知県,タイホウ井ヶ谷店
愛知県,タイホウ刈谷小垣江店
愛知県,タイホウ千種駅南店
愛知県,タイホウ名駅南店
愛知県,タイホウ守山店
愛知県,タイホウ楠店
愛知県,タイホウ熱田六番南店
愛知県,タイホウ相原店
愛知県,タイホウ篭山店
愛知県,タイホウ豊国店
愛知県,タイホウ豊川店
愛知県,タイホウ鳴海店
愛知県,タイホウ黒川東店
愛知県,ダイマル星崎店
愛知県,チャンピオンタイキ岡崎伊賀店
愛知県,チャンピオンタイキ竹島店1号館
愛知県,ニューサンプラザ
愛知県,パーラーワールド小牧店
愛知県,パチンコワイド
愛知県,ぱちんこ太陽
愛知県,プリンス800
愛知県,プリンス岡崎店
愛知県,プレイランドキャッスル大曽根店
愛知県,プレイランドキャッスル天白店
愛知県,プレイランドキャッスル東郷店
愛知県,プレイランドキャッスル知多東海店
愛知県,プレイランドサンワ尾張旭店
愛知県,プレイランド名宝
愛知県,プレイランド平和大治店
愛知県,プレイランド第一平和
愛知県,ベイシティ名宝大須店
愛知県,ベガス豊川店
愛知県,マックス一色店
愛知県,マリオンガーデン1000
愛知県,マリオン十番町店
愛知県,マリオン長良橋西店
愛知県,マリオン高浜店
愛知県,マルシン777
愛知県,マルシン東刈谷店
愛知県,マルハン上小田井駅前店
愛知県,マルハン中川店
愛知県,マルハン名古屋南店
愛知県,マルハン安城店
愛知県,マルハン小牧店
愛知県,マルハン新守山駅前店
愛知県,マルハン木曽川店
愛知県,マルハン東浦店
愛知県,マルハン高浜店
愛知県,ミカドキング&スター
愛知県,ミカドワールド店
愛知県,ミカド一宮インター店
愛知県,ミカド一宮本店
愛知県,ミカド千秋店
愛知県,ミカド半田店
愛知県,ミカド吉良吉田店
愛知県,ミカド稲沢店
愛知県,メガコンコルド1020刈谷知立店
愛知県,メガコンコルド1020豊田インター店
愛知県,メガコンコルド1111BLAZE店
愛知県,メガコンコルド1155豊川インター店
愛知県,メガコンコルド1177大口41号通り店
愛知県,メガコンコルド1220名古屋みなと23号通り店
愛知県,メガコンコルド1280稲沢店
愛知県,メガコンコルド555西尾店
愛知県,メガコンコルド800春日井店+
愛知県,メガスロットコンコルド345吉浜店
愛知県,ラスベガス大橋通店
愛知県,ラスベガス豊川店
愛知県,ラッキー1BAN日進竹の山店
愛知県,ラッキー1番上飯田店
愛知県,ラッキー1番江南店
愛知県,ラッキープラザ1111弥富店
愛知県,ラッキープラザ600大府店
愛知県,ラッキープラザ名古屋西インター七宝店
愛知県,ラッキープラザ津島店
愛知県,リブレ-遊援館
愛知県,リブレ尾張瀬戸
愛知県,中日ホール竹谷店
愛知県,僕のAパン日進店
愛知県,半田コロナ
愛知県,名宝刈谷店
愛知県,名宝大清水店
愛知県,名宝春日井店
愛知県,名宝柱店
愛知県,名宝田原店
愛知県,名宝飯村店
愛知県,大丸桜山店
愛知県,大統領中川店
愛知県,安城コロナ
愛知県,新宿観光六名店
愛知県,有楽りんくう店
愛知県,有楽住吉北店
愛知県,有楽共和店
愛知県,有楽口田店
愛知県,有楽大東店
愛知県,有楽新田店
愛知県,有楽東浜店
愛知県,有楽森岡店
愛知県,有楽砂川店
愛知県,有楽阿野店
愛知県,東宝プラザ師勝店
愛知県,東宝プラザ野並店
愛知県,豊川コロナ
岐阜県,7プラザ
岐阜県,G-SITE関店
岐阜県,KEIZ土岐店
岐阜県,KEIZ多治見店
岐阜県,KEIZ岐阜六条店
岐阜県,KEIZ美濃インター店
岐阜県,SUN池田店
岐阜県,VEGAS1050
岐阜県,VEGAS1200岐阜六条店
岐阜県,ZENT可児店
岐阜県,ZENT各務原店
岐阜県,ZENT坂祝店
岐阜県,ZENT多治見店
岐阜県,ZENT市ノ坪店
岐阜県,ウイング御嵩店
岐阜県,ウイング池田南店
岐阜県,エアポート777土岐店
岐阜県,オーギヤ恵那店
岐阜県,オーギヤ本巣店
岐阜県,がちゃぽん垂井店
岐阜県,キクヤ島店
岐阜県,キクヤ本店
岐阜県,キクヤ穂積店
岐阜県,キクヤ長良店
岐阜県,キング666瑞浪インター店
岐阜県,グランワールドカップ各務原店
岐阜県,グランワールドカップ本巣店
岐阜県,グリフィン穂積店
岐阜県,コンコルド777岐阜羽島駅前店
岐阜県,シグマ大垣西インター店
岐阜県,スロットシグマ
岐阜県,スロットマックス高山店
岐阜県,パチンコFUJI可児店
岐阜県,パチンコ富士養老店
岐阜県,ビッグマックス関店
岐阜県,ビッグマックス高山店
岐阜県,ベガス888
岐阜県,マリオンガーデン岐阜本店
岐阜県,マリオン羽島インター北店
岐阜県,マルハン可児店
岐阜県,マルハン岐阜六条店
岐阜県,メガコンコルド1515大垣インター南店
岐阜県,ラッキープラザ1010可児店
岐阜県,ラッキープラザ900関店
岐阜県,レッドバルーン
岐阜県,僕のAパン美のかも-山手
岐阜県,夢屋土岐店
岐阜県,夢屋恵那店
岐阜県,夢屋高山店
岐阜県,大垣コロナ
静岡県,ABC三島二日町店
静岡県,ABC下土狩店
静岡県,ABC伊東吉田店
静岡県,ABC富士今泉店
静岡県,ABC富士宮万野原店
静岡県,ABC富士宮浅間町店
静岡県,ABC富士弥生通り店
静岡県,ABC富士荒田島店
静岡県,ABC小笠町店
静岡県,ABC島田稲荷店
静岡県,ABC御殿場川島田店
静岡県,ABC掛川細田店
静岡県,ABC浜北店
静岡県,ABC浜松天竜川駅前店
静岡県,ABC浜松小池町店
静岡県,ABC浜松森田町店
静岡県,ABC浜松葵西店
静岡県,ABC清水町長沢店
静岡県,ABC清水袖師町店
静岡県,ABC焼津三ケ名店
静岡県,ABC焼津三和店
静岡県,ABC磐田中泉店
静岡県,ABC藤枝緑町店
静岡県,ABC袋井山科店
静岡県,ABC静岡中吉田店
静岡県,ABC静岡寿町店
静岡県,ABC静岡柳町店
静岡県,GOLD CONCORDE富士
静岡県,JUMBO+555高丘店
静岡県,JUMBOPARK777大蒲店
静岡県,JUMBOプラス888
静岡県,PAO牧之原店
静岡県,SLOT DOLPHiN
静岡県,SUPER CONCORDE
静岡県,SUPER CONCORDE市野
静岡県,WINS沼津
静岡県,YUMEYA浜松大柳店
静岡県,アプリイ中原
静岡県,アプリイ伊豆の国
静岡県,アプリイ千代
静岡県,アプリイ塩町
静岡県,アプリイ新伝馬
静岡県,アプリイ菊川
静岡県,アミューズメントステーションタムラ清水町店
静岡県,オーギヤ磐田店
静岡県,コンコルド富士宮店
静岡県,コンコルド島田六合店
静岡県,コンコルド島田駅前店
静岡県,コンコルド御前崎店
静岡県,コンコルド掛川店
静岡県,コンコルド東名店
静岡県,コンコルド沼津店1・2
静岡県,コンコルド浜松於呂店
静岡県,コンコルド浜松木戸店
静岡県,コンコルド浜松笠井店
静岡県,コンコルド浜松雄踏店
静岡県,コンコルド清水大曲店
静岡県,コンコルド焼津惣右衛門店
静岡県,コンコルド築地東店
静岡県,コンコルド菊川店
静岡県,コンコルド袋井高尾店
静岡県,コンコルド静岡東新田店
静岡県,コンコルド静岡紺屋町店1・2
静岡県,コンコルド静岡緑が丘店
静岡県,コンコルド静岡駅前店
静岡県,ジュピター三方原店
静岡県,ジョイランドみしまⅡ
静岡県,スリーエー1・2
静岡県,スリーエー榛原
静岡県,セブンラック有玉店
静岡県,セブンラック若林店
静岡県,タイキ1333磐田南店
静岡県,タイホー御殿場ぐみ沢
静岡県,タイホー御殿場大坂
静岡県,タイホー浜松三幸町
静岡県,タイホー相良
静岡県,タイホー高丘
静岡県,ドキわくランド御殿場店
静岡県,パーラーツイン
静岡県,パチンコプラザ150号店
静岡県,パチンコプラザ大手店
静岡県,パチンコプラザ瀬名店
静岡県,パチンコプラザ袖師
静岡県,フジコー三島店
静岡県,フジコー御殿場店
静岡県,フジコー長伏店
静岡県,プレイステーションタムラ伊東店
静岡県,プレイステーションタムラ函南本店
静岡県,プレイステーションタムラ古奈店
静岡県,プレイステーションタムラ香貫店
静岡県,マルハンメガシティ静岡
静岡県,マルハン中之郷店
静岡県,マルハン中原店
静岡県,マルハン函南店
静岡県,マルハン吉原店
静岡県,マルハン吉田店
静岡県,マルハン富士宮駅南店
静岡県,マルハン島田店
静岡県,マルハン村松店
静岡県,マルハン東新田店
静岡県,マルハン沼津店
静岡県,マルハン浜松泉店
静岡県,マルハン焼津店
静岡県,マルハン若林店
静岡県,マルハン草薙アピア店
静岡県,マルハン荒田島店
静岡県,マルハン萩原東店
静岡県,マルハン藤枝駅南店
静岡県,マルハン袋井店
静岡県,マルハン袖師店
静岡県,マルハン裾野北店
静岡県,マルハン鷹岡店
静岡県,レインボーながおか
静岡県,レインボー修善寺本店
静岡県,ローレル志都呂店
静岡県,国際ランド
静岡県,新甲子園
静岡県,楽園上新屋店
静岡県,楽園沼津店
静岡県,楽園袋井店
三重県,BIG BAN松阪店
三重県,FUJI芸濃店
三重県,KEIZアピタ伊賀上野店
三重県,MGM四日市店
三重県,Suns四日市インター店
三重県,ウイング四日市中央店
三重県,ウイング松阪南店
三重県,ウイング桑名店
三重県,ウイング河芸店
三重県,ウイング玉城店
三重県,ウイング菰野店
三重県,ウイング金場店
三重県,がちゃぽん久居インターガーデン店
三重県,キング666セノパーク津
三重県,サン亀山店
三重県,スーパードーム四日市店
三重県,タイキ1010四日市泊小柳店
三重県,タイキ伊勢小木店
三重県,パチンコ富士員弁店
三重県,ぱちんこ富士玉垣店
三重県,ハワイ伊勢店
三重県,ホームラン四日市店
三重県,ホームラン四日市駅西店
三重県,ホームラン川越店
三重県,ホームラン平田店
三重県,ホームラン桑名店
三重県,ホームラン津店
三重県,ホームラン白子店
三重県,ホームラン菰野店
三重県,マリオンガーデン1300桑名店
三重県,マルハン上野店
三重県,マルハン伊勢店
三重県,マルハン四日市北店
三重県,マルハン四日市店
三重県,マルハン新名張店
三重県,マルハン松阪店
三重県,マルハン津店
三重県,マルハン鈴鹿店
三重県,ラッキープラザ四日市北店
三重県,ランドマーク鈴鹿店
三重県,富士サーキット店
三重県,神志山KBシティ
新潟県,D's club五泉店
新潟県,D's club分水店
新潟県,D's club新津店
新潟県,D's club水原店
新潟県,D's club河渡店
新潟県,D's club燕三条店
新潟県,DAMZ柏崎店
新潟県,DAMZ県央店
新潟県,コンサートホール吉田店
新潟県,スーパーDステーション上越店
新潟県,ニューラッキー要町店
新潟県,パチンコ玉三郎小千谷店
新潟県,ビーディー胎内店
新潟県,マルハン新発田店
新潟県,マルハン東三条店
新潟県,マルハン松島店
新潟県,マルハン長岡平島店
新潟県,ミッド・ガーデン上越店
新潟県,ミッド・ガーデン堀之内店
新潟県,ミッド・ガーデン新発田店
山梨県,ABC甲府アルプス通り店
山梨県,ABC甲府上阿原店
山梨県,ABC甲府昭和通り店
山梨県,ABC甲斐敷島店
山梨県,ABC笛吹石和店
山梨県,ABC韮崎竜岡店
山梨県,ダイヤ3
山梨県,ニューアサヒ甲府南店
山梨県,ニューアサヒ甲府昭和店
山梨県,ニューダイヤインフィニティ
山梨県,ニューダイヤ塩山店
山梨県,マルハン南アルプス店
山梨県,マルハン甲府店
山梨県,マルハン石和店
山梨県,マルハン韮崎店
長野県,ABC松本白板店
長野県,APULO1111
長野県,APULO811
長野県,APULO塩尻北インター店
長野県,APULO大町店
長野県,APULO松本駅前店
長野県,APULO飯田店
長野県,Dステーション上田店
長野県,KEIZ松本店
長野県,SANSEI篠ノ井店
長野県,U・パーク
長野県,インディ伊北インター店
長野県,オーギヤ飯田店
長野県,がちゃぽん上田店
長野県,キング上田店
長野県,キング塩尻店
長野県,スーパーアリーナ佐久平店
長野県,スロットクラブジオ
長野県,チャンピオンANNEX
長野県,チャンピオンBelz
長野県,チャンピオンOZ
長野県,チャンピオン伊那店
長野県,チャンピオン諏訪店
長野県,チャンピオン飯田店
長野県,チャンピオン駒ヶ根店
長野県,ニューアサヒ上田インター店
長野県,ニューアサヒ上田店
長野県,ニューアサヒ上飯田店
長野県,ニューアサヒ伊那店
長野県,ニューアサヒ千曲店
長野県,ニューアサヒ岡谷天竜店
長野県,ニューアサヒ箕輪店
長野県,ニューアサヒ茅野店
長野県,ニューアサヒ茅野本町店
長野県,ニューアサヒ長野青木島店
長野県,ニューアサヒ高島店
長野県,ニュートーキョー三郷店
長野県,ニュートーキョー中野店
長野県,ニュートーキョー柳原店
長野県,ニュートーキョー篠ノ井店
長野県,ニュートーキョー若穂店
長野県,ニュートーキョー青木島店
長野県,ベガス1200安曇野店
長野県,マルイ伊那店
長野県,マルイ大町店
長野県,マルハン佐久店
長野県,マルハン塩尻店
長野県,マルハン川中島店
長野県,マルハン松本店
長野県,ラッシュ松本
長野県,夢屋小諸店
長野県,大将軍本陣
石川県,eZone金沢店
石川県,KEIZ LAPARK金沢店
石川県,オークラ諸江店
石川県,ゼロタイガー店
石川県,夢屋加賀店
富山県,eZone富山店
富山県,KEIZ富山田中店
富山県,KEIZ高岡店
富山県,KING OF NORTHLAND吉久店
富山県,KING OF NORTHLAND富山店
富山県,KING OF NORTHLAND魚津店
富山県,KING OF NORTHLAND黒部店
富山県,クィーンオブノースランド佐野店
富山県,クィーンオブノースランド呉羽店
富山県,クィーンオブノースランド氷見店
富山県,クィーンオブノースランド滑川店
富山県,クィーンオブノースランド砺波店
富山県,スーパードーム砺波店
富山県,スーパードーム高岡インター店
富山県,タイヨーネオ富山店
富山県,タイヨーネオ高岡店
富山県,ノースランド2001山室店
富山県,ノースランド太閤山店
富山県,ノースランド小矢部店
富山県,ハイパーノースランド豊田店
富山県,マルハン富山インター店
富山県,マルハン富山店
富山県,ヤマトII
福井県,ALEA WORLD春江店
福井県,ALEA WORLD舞屋店
福井県,FULLSLOT
福井県,P.A.自遊時館
福井県,タイヨーネオ北野店
福井県,タイヨーネオ福井店
福井県,タイヨーネオ越前店
福井県,タイヨーネオ鯖江店
大阪府,123+N大阪本店
大阪府,123+N布施店
大阪府,123+N松原店
大阪府,123交野店
大阪府,123北野田店
大阪府,123千林店
大阪府,123和泉店
大阪府,123堺インター店
大阪府,123弁天町店
大阪府,123摂津店
大阪府,123春木ラパーク店
大阪府,123東大阪店
大阪府,123江坂店
大阪府,123河内長野店
大阪府,123泉佐野店
大阪府,123玉出店
大阪府,123緑橋店
大阪府,123長居店
大阪府,123門真店
大阪府,123難波店
大阪府,123鶴橋店
大阪府,A TIME 梅田御堂筋店
大阪府,ARROW namBa HIPS
大阪府,ARROW八尾駅前店
大阪府,ARROW大東店
大阪府,ARROW寝屋川池田店
大阪府,ARROW彩都店
大阪府,ARROW志紀駅前店
大阪府,ARROW松原店
大阪府,ARROW栂店
大阪府,ARROW浪速店
大阪府,ARROW香里園店
大阪府,CLUB-D
大阪府,CUBA 4th東梅田店
大阪府,CUBA西梅田店
大阪府,DAIICHI J&Z平野店
大阪府,FREEDOM
大阪府,G-ONE南茨木店
大阪府,G-ONE枚方宮之阪店
大阪府,GIRASOLE ASAHI
大阪府,HYPER ARROW松ヶ丘店
大阪府,HYPER ARROW泉北店
大阪府,HYPER ARROW深井店
大阪府,HYPER ARROW美原店
大阪府,KING OF KINGS大和川店
大阪府,KING OF KINGS高槻店
大阪府,KYORAKU淡路本店
大阪府,"LOVE SLOT""H"""
大阪府,miku:P+S
大阪府,P-ROOTs MANDORE
大阪府,P.E.KING OF KINGS大阪本店
大阪府,PAO千里店
大阪府,Platinum5
大阪府,RITZ高槻店
大阪府,SUPER COSMO PREMIUM和泉店
大阪府,SUPER COSMO PREMIUM大東店
大阪府,SUPER COSMO PREMIUM岸和田店
大阪府,SUPER COSMO PREMIUM柏原店
大阪府,SUPER COSMO PREMIUM泉南店
大阪府,SUPER COSMO PREMIUM茨木インター店
大阪府,SUPER COSMO尾崎店
大阪府,ZERO FIGHTER九条店
大阪府,ZERO FIGHTER泉佐野店
大阪府,アミスター生野店
大阪府,アミューズイチゴ
大阪府,アミューズ八尾店
大阪府,アミューズ南住吉店
大阪府,アミューズ吹田岸辺店
大阪府,アミューズ城東&BBレジェンド
大阪府,アミューズ深江
大阪府,アミューズ豊中店
大阪府,アミューズ関目&BBハート
大阪府,アミューズ高殿×BBインパクト
大阪府,イーグルR-1十三駅東口店
大阪府,イルサローネみてじま店
大阪府,イルサローネ大和田店
大阪府,イルサローネ平野店
大阪府,イルサローネ藤井寺店
大阪府,イルサローネ貝塚店
大阪府,ヴィーナスギャラリー大阪店
大阪府,エムズ本店&プレミアムライト店
大阪府,がちゃぽん菱江店
大阪府,キクヤ堺北店
大阪府,キコーナJR吹田駅前店
大阪府,キコーナタウン茨木彩都店
大阪府,キコーナ千林店
大阪府,キコーナ千里店
大阪府,キコーナ吹田店
大阪府,キコーナ守口店
大阪府,キコーナ富田林店
大阪府,キコーナ岸部店
大阪府,キコーナ東大阪店
大阪府,キコーナ茨木店
大阪府,キコーナ西淡路店
大阪府,キコーナ豊中南店
大阪府,キコーナ阪急茨木店
大阪府,キコーナ高井田店
大阪府,キコーナ鶴見店
大阪府,クラウン守口店
大阪府,グランキコーナ堺店
大阪府,ゴルフ3
大阪府,スーパーホール
大阪府,スロット123松原店
大阪府,スロット123梅田店
大阪府,スロットシアター四海樓
大阪府,スロットベラジオ門真店
大阪府,ゼニスコート
大阪府,ダイアナ香里園店
大阪府,テキサス門真
大阪府,デルーサマックス西成本店
大阪府,ニコニコ大和田店
大阪府,ニコニコ寝屋川南インター店
大阪府,ニコニコ寝屋川店スロット館
大阪府,ニコニコ枚方店
大阪府,ネオパティオ大阪堺店
大阪府,パールサーティーン
大阪府,パラッツォ大阪三国店
大阪府,ピールーツナイン
大阪府,プリプリ600
大阪府,プレミア+ラボ枚方店
大阪府,プレミアSLOT LAB淡路西店
大阪府,ベガス1700枚方店
大阪府,ベラジオPlus鶴見店
大阪府,ベラジオスロットオペラ43店
大阪府,ベラジオ住之江店
大阪府,ベラジオ十三店
大阪府,ベラジオ寝屋川店
大阪府,ベラジオ寺田町店
大阪府,ベラジオ庄内店
大阪府,ベラジオ本店
大阪府,ベラジオ江の木町店
大阪府,ベラジオ江坂
大阪府,ベラジオ深江橋店
大阪府,ベラジオ石橋
大阪府,ベラジオ西中島店
大阪府,ベラジオ西九条店
大阪府,マザーブロス
大阪府,マルハンきずり店
大阪府,マルハンなんば新館
大阪府,マルハンなんば本館
大阪府,マルハンメガシティ堺
大阪府,マルハン中石切店
大阪府,マルハン今福店
大阪府,マルハン加島店
大阪府,マルハン北加賀屋店
大阪府,マルハン原山台店
大阪府,マルハン和泉寺田店
大阪府,マルハン和泉店
大阪府,マルハン堺遠里小野店
大阪府,マルハン大東店
大阪府,マルハン寝屋川店
大阪府,マルハン岸和田店
大阪府,マルハン布施店
大阪府,マルハン摂津店
大阪府,マルハン新世界店
大阪府,マルハン東大阪店
大阪府,マルハン松原店
大阪府,マルハン枚方店
大阪府,マルハン梅田店
大阪府,マルハン此花島屋店
大阪府,マルハン水走店
大阪府,マルハン泉南店
大阪府,マルハン茨木店
大阪府,マルハン貝塚店
大阪府,マルハン高槻店
大阪府,ミクちゃんアリーナ泉ヶ丘店
大阪府,ミスターパチンコ泉大津店
大阪府,メトログラッチェ十三店
大阪府,モンロー
大阪府,リッチウエル本店
大阪府,リッチウエル西田辺店
大阪府,四海樓 HEP FIVE店
大阪府,四海樓アタリヤ
大阪府,大東洋本店
大阪府,大東洋梅田店
大阪府,大正ウエスト
大阪府,楽園なんば店
兵庫県,123三木店
兵庫県,123五社店
兵庫県,123宝塚店
兵庫県,123岩岡店
兵庫県,123川西店
兵庫県,123新三田店
兵庫県,123神戸店
兵庫県,5カラット小野店
兵庫県,A TIME 新開地店
兵庫県,A TIME 須磨パティオ店
兵庫県,AISEN
兵庫県,PSAヴィクトリースロット館
兵庫県,UFO豊岡
兵庫県,アップル姫路
兵庫県,アビック赤穂店
兵庫県,アミューズ三宮店
兵庫県,アミューズ三田
兵庫県,アミューズ西宮山手幹線通り
兵庫県,ヴィーナスギャラリー姫路II店
兵庫県,ヴィーナスギャラリー姫路白浜I店
兵庫県,ヴィーナスギャラリー神戸店
兵庫県,ヴィーナスギャラリー花北店
兵庫県,オーギヤ垂水店
兵庫県,オール湊川
兵庫県,キコーナタウン今津店
兵庫県,キコーナ加古川店
兵庫県,キコーナ尼崎本店
兵庫県,キコーナ御影店
兵庫県,キコーナ神戸中央スロット館
兵庫県,キコーナ立花北店
兵庫県,キコーナ立花南店
兵庫県,キコーナ青木店
兵庫県,サウスグランド
兵庫県,スロットキコーナ今津店
兵庫県,ゼニスコートグランスロット
兵庫県,ゼニスコート阪急伊丹店
兵庫県,ソニックバレー1
兵庫県,パーラー5カラット太子店
兵庫県,ビッグアップル.加古川
兵庫県,フォロ・マジョーレ390
兵庫県,フォロ・マジョーレ661
兵庫県,プレイブランドフェニックス姫路駅前
兵庫県,ベラジオ尼崎
兵庫県,マルカ伊川谷店
兵庫県,マルハンプレンティ店
兵庫県,マルハン姫路店
兵庫県,マルハン明石大久保店
兵庫県,マルハン森友北店
兵庫県,マルハン氷上店
兵庫県,マルハン神戸店
兵庫県,マルハン西脇店
兵庫県,マルハン赤松台店
兵庫県,マルハン赤穂店
兵庫県,マルハン長田店
兵庫県,ミクちゃんアリーナ学園南店
兵庫県,ミクちゃんアリーナ新長田店
兵庫県,ミクちゃんアリーナ豊岡店
兵庫県,ミクちゃんガイアアリーナ店
兵庫県,ミクちゃんガイア三木南店
兵庫県,ミクちゃんガイア三木店
兵庫県,ミクちゃんガイア住吉店
兵庫県,ミクちゃんガイア加古川ジョイパーク店
兵庫県,ミクちゃんガイア尼崎店
兵庫県,ミクちゃんガイア春日野道店
兵庫県,ミクちゃんガイア西神戸店
兵庫県,ミクちゃんガイア須磨店
兵庫県,ミリオン明石店
兵庫県,メトロガーデン
兵庫県,メトログラッチェ3号店
兵庫県,メトログラッチェ尼崎スロット専門店
兵庫県,モコ田尾寺店
兵庫県,モコ鈴蘭台店
兵庫県,モナコ別府
兵庫県,モナコ姫路本店
兵庫県,モナコ宝塚
兵庫県,モナコ西明石
兵庫県,モナコ香寺
兵庫県,人生劇場姫路
兵庫県,夢屋加古川店
京都府,F-1
京都府,KING OF KINGS八幡店
京都府,ZORRO
京都府,エンターテイメントオメガ上賀茂
京都府,エンターテイメントオメガ六地蔵
京都府,エンターテイメントオメガ北白川店
京都府,エンターテイメントオメガ向日市
京都府,エンターテイメントオメガ寺町
京都府,エンターテイメントオメガ槇島
京都府,エンターテイメントオメガ白梅町店
京都府,オメガ千代原口2番館
京都府,キング千本店
京都府,キング河原町店
京都府,キング西円町店
京都府,ジャラン京田辺店
京都府,シルク
京都府,スーパードーム千本中立売店
京都府,スーパードーム新堀川店
京都府,スーパードーム桂店
京都府,スーパードーム桃山店
京都府,スーパードーム舞鶴店
京都府,スーパードーム西院店
京都府,スーパードーム野田川店
京都府,センター
京都府,ダラム800
京都府,ドリームドリーム1
京都府,ぱちんこ村
京都府,ビックディッパー京都駅前店
京都府,ビックディッパー大久保店
京都府,ミリオンダラー山科店
京都府,ヤング舞鶴店
京都府,京都駅前ラッキー
京都府,大宮オメガ
京都府,嵯峨野ラッキー
京都府,梅津KBグランド
滋賀県,act gold長浜
滋賀県,ARENA米原
滋賀県,BM八日市店
滋賀県,BM守山店
滋賀県,BM湖南店
滋賀県,BM瀬田店
滋賀県,DOME大津
滋賀県,Durham S-1
滋賀県,GRAND G-ONE甲賀水口店
滋賀県,イチバン本店
滋賀県,イチバン湖北店
滋賀県,イチバン甲南店
滋賀県,イチバン草津店
滋賀県,エンターテイメントオメガ湖南店
滋賀県,オーギヤ彦根店
滋賀県,オメガミュージアム栗東
滋賀県,ドラゴン五個荘
滋賀県,ドラゴン堅田
滋賀県,ドラゴン守山1番館
滋賀県,ドラゴン愛知川
滋賀県,ドラゴン草津店
滋賀県,ドラゴン近江八幡2番館
滋賀県,ビックディッパー彦根店
滋賀県,ファルコン近江八幡1番館
滋賀県,マルハン彦根店
滋賀県,マルハン草津店
滋賀県,レークプラザ大津
滋賀県,八楼館
滋賀県,水口ユニオン
奈良県,123+N橿原店
奈良県,123天理店
奈良県,ARROW大和小泉店
奈良県,ARROW天理店
奈良県,ARROW法隆寺店
奈良県,SUPER COSMO PREMIUM香芝店
奈良県,SUPER COSMO橿原店
奈良県,がちゃぽん上牧店
奈良県,ジャンボアロー
奈良県,スーパードーム大和高田店
奈良県,プレミオ高取
奈良県,マルハン上牧店
奈良県,マルハン大安寺店
奈良県,マルハン天理店
奈良県,マルハン橿原北店
奈良県,マルハン橿原南店
奈良県,マルハン法隆寺インター店
奈良県,マルハン郡山インター店
和歌山県,123+N和歌山本店
和歌山県,123CiTY!WAKAYAMA店
和歌山県,123和歌山インター店
和歌山県,123塩屋店
和歌山県,123田辺店
和歌山県,KB SUPER STADIUM勝浦店
和歌山県,LOVE延時店
和歌山県,LOVE海南店
和歌山県,アミューズ岩出店
和歌山県,ウイング岩出店
和歌山県,ウイング橋本店
和歌山県,スーパーフジ大谷店
和歌山県,スタジアム2001和歌山西庄店
和歌山県,スロット123梶取店
和歌山県,パーラーフジ吉備店
和歌山県,マルハンぶらくり丁店
和歌山県,マルハン和歌山インター店
和歌山県,マルハン和歌山湊店
和歌山県,ミュージアム21バイパス店
和歌山県,ミュージアムスロット館
和歌山県,メトロヒルズ
岡山県,123+N岡山本店
岡山県,123水島店
岡山県,123浜野店
岡山県,123藤田店
岡山県,Fantasista
岡山県,nikko1000久米店
岡山県,nikko倉敷店
岡山県,nikko十日市店
岡山県,nikko平井店
岡山県,nikko東岡山店
岡山県,nikko泉田店
岡山県,nikko津山店
岡山県,Pachi2 TOWN
岡山県,Pia’91(ぴあ91)
岡山県,ウエスタン水島店
岡山県,エンドレス新見店
岡山県,エンドレス水島店
岡山県,エンドレス高梁店
岡山県,オールスター25総社店
岡山県,グレート・ハリウッド&アルファー
岡山県,グレートハリウッド
岡山県,ザ・ゴルフ
岡山県,サンキワールド児島店
岡山県,サンキワールド美作店
岡山県,スーパーハリウッド800
岡山県,スーパーハリウッド下中野
岡山県,スーパーハリウッド倉敷
岡山県,スーパーハリウッド富町
岡山県,スーパーハリウッド津山
岡山県,スーパーハリウッド青江
岡山県,スロット丸三久世店
岡山県,セントラルディーボ倉敷店
岡山県,セントラルディーボ大福店
岡山県,バージンタワー
岡山県,バージン岡山南本店
岡山県,ハリウッドIIIスター
岡山県,ハリウッド東岡山
岡山県,プレミアムバージン東岡山店
岡山県,マルハン児島店
岡山県,マルハン東岡山店
岡山県,マルハン津山店
岡山県,円山マルハチ
岡山県,勝央グランド
岡山県,大安寺マルハチ
岡山県,宇野マルハチ
岡山県,早島マルハチ
岡山県,玉島マルハチ
岡山県,西大寺マルハチ
広島県,222(スリーツー)
広島県,333(スリースリー)
広島県,666(スリーシックス)
広島県,7&8
広島県,999(スリーナイン)
広島県,K-1 500
広島県,LEO Park
広島県,LEO West hill
広島県,LEO五日市駅前
広島県,LEO熊野
広島県,Plus-1(プラスワン)
広島県,Plus-2(プラスツー)
広島県,Plus-3(プラススリー)
広島県,Plus-7(プラスセブン)
広島県,Rose&Pia(ローズアンドピア)
広島県,RoseGarden ローズガーデン
広島県,SUPER OZ 600
広島県,ZAPP段原店
広島県,ZAPP瀬野川店
広島県,ZAPP高陽店
広島県,ZORRO五日市
広島県,ZORRO呉中通り
広島県,アキロイヤル
広島県,アクアプローバ
広島県,アポロン345
広島県,アンコールII
広島県,アンコールIII
広島県,アンジェロ レオーネ
広島県,グレートハリウッド800&アルファー
広島県,サンズビクトリー
広島県,ジャンボマックス大州店
広島県,スーパーハリウッド1000
広島県,スーパーハリウッド1000観音
広島県,スーパーハリウッド宇品&アルファー
広島県,スーパーハリウッド温品
広島県,スーパーハリウッド矢賀
広島県,スロットハウスグランド
広島県,タイヨー呉店
広島県,タワービクトリー
広島県,デュエルゴッド
広島県,トーヨー中央店
広島県,トーヨー河原町店
広島県,ナイアガラ2
広島県,ナショナル会館
広島県,ニューグランド
広島県,パーラーゴッド
広島県,パーラー大学下見店
広島県,パーラー大学広店
広島県,ハイパーハリウッド
広島県,ハリウッド・ハリーズ
広島県,ハリウッド東雲
広島県,ビータプローバ
広島県,ビクトリーI
広島県,ビクトリーII
広島県,ビクトリーガーデンスロット
広島県,ビクトリースロット
広島県,ビクトリー三原店
広島県,ビクトリー三次店
広島県,ビクトリー庄原店
広島県,ビクトリー新幹線駅前店
広島県,ビクトリー本店
広島県,ビクトリー磯松店
広島県,ブールバールヒルズ
広島県,フレンド
広島県,フレンド3
広島県,プローバ八幡店
広島県,プローバ廿日市木材港店
広島県,マリナプローバ
広島県,マリンスタジアムOZ
広島県,マルハン廿日市店
広島県,ランドマーク三原
広島県,ロッソプローバ
広島県,ワシントンエクセル店
広島県,ワシントン中央店
広島県,喜楽王
広島県,大竹マルハチ
広島県,大門ハピー
広島県,広ビクトリー
広島県,流川ビクトリー
広島県,福山コロナ
鳥取県,UFO倉吉
鳥取県,UFO叶
鳥取県,UFO吉方
鳥取県,UFO安長
鳥取県,UFO秋里
鳥取県,アルファ境港店
鳥取県,アンコールセブン
鳥取県,グランワールドカップ米子店
鳥取県,グランワールドカップ鳥取店
鳥取県,クレイジーチャンス岸本
鳥取県,ジャンボマックス888鳥取店
鳥取県,ジャンボマックス米子店
鳥取県,デルパラ7境港店
鳥取県,デルパラ7米原店
鳥取県,マルハン鳥取店
鳥取県,マンモス倉吉店
鳥取県,マンモス桜谷店
鳥取県,マンモス湖山店
鳥取県,ワールドカップ鳥取店
島根県,ジャンボパレス東出雲店
島根県,ジャンボマックス777出雲店
島根県,ジャンボマックス浜乃木店
島根県,ジャンボマックス黒田店
島根県,ツインビクトリー益田店
島根県,テキサス益田店
島根県,プローバ江津店
島根県,プローバ長沢店
島根県,プローバ駅北
島根県,マンモス出雲店
島根県,マンモス大田店
島根県,マンモス江津店
島根県,マンモス浜田店
島根県,丸三大田中央店
島根県,丸三平田店
島根県,丸三斐川店
島根県,丸三松江本店
島根県,丸三浜山本店
島根県,丸三浜田店
島根県,丸三益田店
山口県,RITZ1000周南店
山口県,RITZ防府店
山口県,ビッグアップル.周南
山口県,プローバ宇部店
山口県,マルハン下松店
山口県,マルハン周南店
山口県,マルハン宇部店
山口県,宇部アリーナ21
山口県,永楽本店
香川県,KING OF KINGS高松
香川県,nikko屋島店
香川県,nikko高松中央店
香川県,アイゼンはま街道店
香川県,アイゼン上之町店
香川県,アイゼン宇多津店
香川県,アイゼン陶店
香川県,アトラスアイゼン
香川県,エルブランコ・アイゼン
香川県,クィーンプレジール
香川県,シャングリラアイゼン
香川県,スーパーパオアイゼン
香川県,ズームイン
香川県,ビッグロッキー坂出店
香川県,マルハン丸亀店
香川県,マルハン善通寺店
香川県,マルハン高松店
香川県,ミリオン宇多津店
香川県,ミリオン観音寺店
香川県,ミリオン高松東店
香川県,メガロアイゼン
香川県,丸之内ヘリオス1000丸亀
香川県,夢屋多度津店
徳島県,123南昭和店
徳島県,123大林店
徳島県,123松茂店
徳島県,123論田店
徳島県,123阿南店
徳島県,G-ONE SLOT住吉
徳島県,nikko上板イオンタウン店
徳島県,スロット123田宮店
徳島県,ミリオン中吉野店
徳島県,ミリオン北島店
徳島県,ミリオン国府店
徳島県,ミリオン川内店
徳島県,ミリオン昭和店
徳島県,ミリオン池田店
徳島県,ミリオン沖浜店
徳島県,ミリオン津峰店
徳島県,ミリオン羽浦店
徳島県,ミリオン藍住店
徳島県,ミリオン鳴門店
徳島県,ミリオン鴨島店
愛媛県,JOYSTAGE大洲店
愛媛県,Super nikko
愛媛県,キスケPAO中寺店
愛媛県,キスケPAO今治本店
愛媛県,キスケPAO小泉店
愛媛県,キスケPAO東雲店
愛媛県,キスケPAO松前店
愛媛県,キスケPAO鳥生店
愛媛県,クラブコロンボ森松店
愛媛県,グランディールロッキー三島店
愛媛県,グランディールロッキー西条店
愛媛県,ゴーゴーマルサン古三津店
愛媛県,コロンボオオクラ
愛媛県,コロンボ川之江店
愛媛県,ジャンボ丸之内
愛媛県,スーパーキスケPAO
愛媛県,セントラルディーボ保免店
愛媛県,セントラルディーボ宇和島北店
愛媛県,セントラルディーボ宇和店
愛媛県,セントラルディーボ小坂店
愛媛県,セントラルディーボ山越店
愛媛県,セントラルディーボ空港通店
愛媛県,パチンコ天国本店
愛媛県,ひかり5号
愛媛県,ビッグ2ロッキー西条店
愛媛県,ビッグロッキー北久米店
愛媛県,ビッグロッキー堀江店
愛媛県,ビッグロッキー新居浜店
愛媛県,ビッグロッキー東予店
愛媛県,マルハン今治店
愛媛県,マルハン西条店
愛媛県,ルート保内
愛媛県,丸之内ヘリオス1000竹原
愛媛県,大盛三津店
愛媛県,大盛宇和店
愛媛県,大盛東温店
愛媛県,大盛空港通り店
愛媛県,美しが丘Nikko1000
高知県,123+Nはりまや橋店
高知県,acsh中万々店
高知県,セントラルディーボ一宮店
高知県,セントラルディーボ南国店
高知県,セントラルディーボ土佐道路店
高知県,セントラルディーボ山田店
高知県,セントラルディーボ朝倉店
高知県,セントラルディーボ桟橋店
高知県,セントラルディーボ相模店
高知県,セントラルディーボ知寄店
高知県,セントラル土佐店
高知県,タマイセンター東雲町店
高知県,タマイセンター知寄町店
高知県,ヘイワ土佐道路店
高知県,マルハン土佐道路西店
高知県,マルハン高知一宮店
高知県,マルハン高知桟橋店
高知県,マルハン高知高須店
高知県,ミリオン一宮店
高知県,ミリオン南国店
高知県,ミリオン土佐道路店
高知県,ミリオン大津店
高知県,ミリオン野市店
福岡県,123博多店
福岡県,21世紀水巻店
福岡県,Aパーク屋形原店
福岡県,Aパーク春日店
福岡県,BEAM by HIKARI
福岡県,BEAM HARA
福岡県,BEAM YAME
福岡県,BOOM天神本店
福岡県,CORONA500
福岡県,Eスペース福岡本店
福岡県,FORE若松本店
福岡県,GION1・1
福岡県,GION小倉
福岡県,HINODE大野城店
福岡県,MGM苅田店
福岡県,MJアリーナ久留米店
福岡県,MJアリーナ井尻店
福岡県,MJアリーナ干隈店
福岡県,MJアリーナ志免店
福岡県,MJアリーナ空港店
福岡県,MJアリーナ箱崎店
福岡県,MJ天神I&II
福岡県,MJ板付
福岡県,MJ長尾
福岡県,WIN-WIN ONE
福岡県,アウトバーンブリッツ
福岡県,アプロ.2
福岡県,アプロ.7
福岡県,ヴィーナスギャラリー清川店
福岡県,ヴィーナスギャラリー西新店
福岡県,ヴィーナスギャラリー飯塚店
福岡県,エムザス
福岡県,エムザス大橋店
福岡県,エムザス小笹店
福岡県,がちゃぽん戸畑店
福岡県,キャロル津福店
福岡県,キング2
福岡県,キング3久山店1700
福岡県,キングホール前原店
福岡県,キング博多店
福岡県,クラブハウス古賀支店
福岡県,クラブハウス川崎支店
福岡県,クラブハウス庄内支店
福岡県,クラブハウス本店
福岡県,スーパーハリウッド1120
福岡県,スペース666
福岡県,ゾーン戸畑店
福岡県,つかさ月隈店
福岡県,つかさ筑紫野店
福岡県,テンガイ・八女店
福岡県,パーラー21世紀楠橋店
福岡県,パーラーギオン三萩野
福岡県,パーラーゾーン姪浜
福岡県,パサージュ830西港店
福岡県,パサージュBJ
福岡県,パサージュGT北方
福岡県,パサージュ小倉駅前店
福岡県,ひばり吉塚店
福岡県,プラザ3
福岡県,プラザ博多
福岡県,プラザ天神
福岡県,プラザ本店
福岡県,プラザ本店II
福岡県,プラザ長浜
福岡県,ブロス甘木店
福岡県,ベルエアMAX広川店
福岡県,ベルエアMAX本城店
福岡県,マルハン二又瀬店
福岡県,マルハン大川店
福岡県,マルハン大牟田銀水店
福岡県,マルハン本城店
福岡県,マルハン箱崎店
福岡県,マルハン苅田店
福岡県,ミラージュ
福岡県,メッカXP
福岡県,メッカ朝倉店
福岡県,メッカ田川店
福岡県,ワンダーランドうきはバイパス店
福岡県,ワンダーランドメタルポリス
福岡県,ワンダーランド八江店
福岡県,ワンダーランド吉井店
福岡県,ワンダーランド高田店
福岡県,古賀プラザ
福岡県,玉屋中尾店
福岡県,玉屋嘉麻店
福岡県,玉屋大橋店
福岡県,玉屋宗像店
福岡県,玉屋室見店
福岡県,玉屋新宮店
福岡県,玉屋本店
福岡県,荒江プラザ
福岡県,那珂川キング本店
福岡県,銀玉ブティックひばり前原店
福岡県,黒崎太陽会館
佐賀県,Be-1佐賀店
佐賀県,DEL SUPER DOME唐津店
佐賀県,エムザスみやき店
佐賀県,キャロル上峰店
佐賀県,キングホール鏡店
佐賀県,ゴールドラッシュ本庄店
佐賀県,ゴールドラッシュ高木瀬店
佐賀県,ゴールドラッシュ鳥栖店
佐賀県,スロットタウンZERO小城牛津店
佐賀県,つかさ神埼店
佐賀県,ディー・ツー
佐賀県,ファインロッキー
佐賀県,フェスタ・唐津店
佐賀県,マルハンみやき店
佐賀県,マルハン佐賀店
佐賀県,マルハン東与賀店
佐賀県,ワンダーランド伊万里店
佐賀県,ワンダーランド多久店
佐賀県,ワンダーランド武雄店
佐賀県,ワンダーランド江北店
佐賀県,ワンダーランド鹿島店
佐賀県,和多田キングホール
佐賀県,玉屋伊万里店
佐賀県,玉屋唐津店
佐賀県,町田キングホール
佐賀県,銀玉ブティックひばり伊万里店
長崎県,ケイズプラザ京町店
長崎県,サンタイガー
長崎県,タイガー川棚店
長崎県,パチンコヤングプラザ平戸店
長崎県,ビッグアップル.佐世保
長崎県,ビッグアップル.出島店
長崎県,マリオ松浦店
長崎県,マリオ福石店
長崎県,マルハン佐世保店
長崎県,まるみつ時津店
長崎県,まるみつ浜町店
長崎県,まるみつ稲佐店
長崎県,まるみつ長与店
長崎県,ワンダーランド佐世保白岳店
長崎県,銀玉ブティックひばり諫早店
大分県,B-MAX玖珠店
大分県,DAISYO
大分県,LAS VEGAS+別府店
大分県,nikko大分中央店
大分県,ZERO SPARK
大分県,ヴィーナスギャラリー中津店
大分県,ヴィーナスギャラリー別府II店
大分県,ヴィーナスギャラリー大分I店
大分県,ヴィーナスギャラリー日田店
大分県,ウイング下郡店
大分県,ウイング大分駅前店
大分県,ウイング鶴崎店
大分県,エルグラン明野本店
大分県,キングイーグルズ大分明野店
大分県,クラブハウス玖珠支店
大分県,サミット別府店
大分県,フォーティサミット
大分県,マルハン中津店
大分県,マルハン大分古国府店
大分県,マルハン高城店
大分県,ワンダーランド中津米山店
大分県,ワンダーランド大分南店
大分県,ワンダーランド大分皆春店
大分県,ワンダーランド臼杵店
大分県,中津サミット
宮崎県,BEAM串間
宮崎県,T-MAX高鍋店
宮崎県,オーシャン宮崎店
宮崎県,がちゃぽん都城店
宮崎県,グランデエービーシー田野店
宮崎県,サンクス恵比須店
宮崎県,シリウス延岡
宮崎県,シリウス清武店
宮崎県,パーラーエービーシー佐土原店
宮崎県,パーラーエービーシー花ヶ島店
宮崎県,パーラーオーシャン谷頭駅前店
宮崎県,マルハン宮崎店
宮崎県,マルハン都城南店
宮崎県,マルハン都城店
宮崎県,まるみつ日向店
宮崎県,モナコパレス1000宮崎駅前店
宮崎県,ワンダーランド宮崎芳士店
宮崎県,宝シリウス都城店
宮崎県,満天日南店
宮崎県,西の丸センター
宮崎県,西の丸古川店
宮崎県,西の丸門川店
鹿児島県,MGM出水店
鹿児島県,MGM大口店
鹿児島県,MGM大浦店
鹿児島県,MGM笠之原店
鹿児島県,T-MAX PRIDE
鹿児島県,T-MAX種子島鴨女店
鹿児島県,アスリート・アリーナ
鹿児島県,エムザス指宿店
鹿児島県,がちゃぽん天文館千日店
鹿児島県,がちゃぽん霧島店
鹿児島県,テンガイ・与次郎店
鹿児島県,ナンニチ天文館本店
鹿児島県,ナンニチ新栄店
鹿児島県,パーラー大丸大崎店
鹿児島県,パーラー大丸川西店
鹿児島県,ひばり宮之城店
鹿児島県,ひばり肝付店
鹿児島県,マルハン加治木店
鹿児島県,マルハン卸本町店
鹿児島県,マルハン指宿店
鹿児島県,マルハン薩摩川内店
鹿児島県,マルハン鹿児島新港店
鹿児島県,マルハン鹿屋店
鹿児島県,まるみつ姶良店
鹿児島県,まるみつ霧島店
鹿児島県,まるみつ鹿屋店
鹿児島県,金馬車隼人店
沖縄県,J･Parkディノ店
沖縄県,J･Parkみどり町店
沖縄県,J･Park石川店
沖縄県,M'sガーデン
沖縄県,M'sニューポート
沖縄県,M'sリバーサイド
沖縄県,アムズエース具志川店
沖縄県,アムズガーデン名護店
沖縄県,アムズガーデン国場店
沖縄県,アムズガーデン泡瀬
沖縄県,アムズガーデン糸満店
沖縄県,アムズガーデン赤道店
沖縄県,イースペース与那原店
沖縄県,イースペース東江店
沖縄県,エルグラン大山店
沖縄県,エルグラン西町本店
沖縄県,エルグラン首里末吉店
沖縄県,サンシャインNEXT一日橋店
沖縄県,サンシャインNEXT宜野湾店
沖縄県,サンシャインNEXT山内店
沖縄県,サンシャインNEXT開南店
沖縄県,サンシャイン具志川店
沖縄県,サンシャイン南風原店
沖縄県,サンシャイン城間店
沖縄県,サンシャイン小禄店
沖縄県,サンシャイン水釜店
沖縄県,サンシャイン泡瀬店
沖縄県,サンシャイン牧港店
沖縄県,サンシャイン糸満店
沖縄県,サンシャイン美里店
沖縄県,サンシャイン諸見店
沖縄県,サンシャイン豊見城店
沖縄県,サンシャイン首里店
沖縄県,ジャンボおもろ店
沖縄県,ジャンボポートアイランド店
沖縄県,セブン浦添
沖縄県,はなまる南風原店
沖縄県,ピータイムおもろ店
沖縄県,ピータイムふてんま
沖縄県,ピータイム与那原店
沖縄県,ピータイム津嘉山
沖縄県,ファラオ名護店
沖縄県,ファラオ我如古店
沖縄県,ファラオ本店
沖縄県,プレイランド名宝那覇店
沖縄県,マルシンV1
沖縄県,マルシンV3
沖縄県,マルシンV4
沖縄県,ラッキー高原店
沖縄県,ルクソール
沖縄県,名宝具志川店
